serial_no,project_name,agency,project_code,legacy_ocms_code_raw,pmgid_raw,state,approval_date_raw,start_date_raw,original_target_doc_raw,revised_doc_raw,original_cost_rs_crore_raw,revised_cost_rs_crore_raw,cumulative_expenditure_rs_crore_raw,physical_progress_pct_raw,source_filename,report_month,pdf_page,printed_page
1,"Construction of New Domestic Terminal Building Building and miscellaneous works including maintenance, operations and AICMC at Kadapa Airport",(Airport Authority of India [AAI]),612786,(-),(-),Andhra Pradesh,03/2023,(01/2024),01/2026,(09/2026),265.91,0.00,186.36,83.00,FlashReport_August_2026.pdf,AUGUST 2026,57,56
2,Construction of New Integrated Terminal Building and associated works including apron to park 3 code E type of aircraft or 6 code C type of aircraft at Vijayawada Airport.,(Airport Authority of India [AAI]),701107,(-),(-),Andhra Pradesh,06/2020,(09/2020),09/2022,(11/2026),611.80,0.00,600.58,91.20,FlashReport_August_2026.pdf,AUGUST 2026,57,56
3,Construction of New Domestic Terminal Building at Rajahmundry Airport.,(Airport Authority of India [AAI]),701121,(-),(-),Andhra Pradesh,12/2022,(08/2023),08/2025,(10/2026),347.15,0.00,190.89,97.00,FlashReport_August_2026.pdf,AUGUST 2026,57,56
4,Guwahati Airport New Integrated Terminal Building Construction Project,(Adani Airport Holdings Limited),706724,(-),(-),Assam,12/2016,(03/2018),03/2025,(06/2026),"1,712.00",0.00,"2,670.23",99.50,FlashReport_August_2026.pdf,AUGUST 2026,57,56
5,Development of New Civil Enclave at Bihta,(Airport Authority of India [AAI]),612183,(-),(-),Bihar,08/2024,(04/2025),03/2027,(-),"1,413.00",0.00,19.44,4.48,FlashReport_August_2026.pdf,AUGUST 2026,57,56
6,Development of New Civil Enclave and associated works at Darbhanga Airport,(Airport Authority of India [AAI]),612194,(-),(-),Bihar,07/2024,(07/2024),07/2026,(11/2026),911.66,0.00,453.47,72.60,FlashReport_August_2026.pdf,AUGUST 2026,57,56
7,"Construction of New Domestic Terminal Building [Phase-I and II] and other allied structures at JPNI Airport, Patna",(Airport Authority of India [AAI]),701101,(-),(-),Bihar,10/2018,(10/2018),05/2026,(08/2026),"1,216.90",0.00,"1,216.11",99.35,FlashReport_August_2026.pdf,AUGUST 2026,57,56
8,Development of Keshod Airport.,(Airport Authority of India [AAI]),619054,(-),(-),Gujarat,01/2024,(07/2025),01/2027,(-),363.10,0.00,109.27,48.76,FlashReport_August_2026.pdf,AUGUST 2026,57,56
9,"Development of Dholera International Greenfield Airport , Gujarat",(Airport Authority of India [AAI]),701126,(-),(-),Gujarat,06/2022,(07/2022),06/2026,(09/2026),"1,305.00",0.00,987.56,89.00,FlashReport_August_2026.pdf,AUGUST 2026,57,56
10,"Construction of NTB complex including apron, taxi track and other associated civil works and electrical & mechanical installations towards Tawi River side at CA Jammu.",(Airport Authority of India [AAI]),611047,(-),(-),Jammu and Kashmir,10/2023,(12/2023),06/2026,(11/2026),861.37,0.00,388.13,61.35,FlashReport_August_2026.pdf,AUGUST 2026,57,56
